<?xml version="1.0" encoding="UTF-8"?>
<project-private xmlns="http://www.netbeans.org/ns/project-private/1">
    <editor-bookmarks xmlns="http://www.netbeans.org/ns/editor-bookmarks/2" lastBookmarkId="0"/>
    <open-files xmlns="http://www.netbeans.org/ns/projectui-open-files/2">
        <group>
            <file>file:/C:/xampp5.6/htdocs/oop%20php/name.php</file>
            <file>file:/C:/xampp5.6/htdocs/oop%20php/Abstraction.php</file>
            <file>file:/C:/xampp5.6/htdocs/oop%20php/functions.php</file>
            <file>file:/C:/xampp5.6/htdocs/oop%20php/Interface.php</file>
            <file>file:/C:/xampp5.6/htdocs/oop%20php/Construct.php</file>
            <file>file:/C:/xampp5.6/htdocs/oop%20php/Inheritance.php</file>
        </group>
    </open-files>
</project-private>
